{"epochs": [500, 1000, 1500, 2000, 2500, 3000, 3500, 4000, 4500, 5000], "losses": [0.02037997, 0.00952635, 0.46931219, 0.00543687, 0.0544909, 0.23999847, 0.04599268, 0.19478998, 0.00101252, 0.00235951]}